rgn_id,pressure_score
1,0.0576366128300673
2,0.0576366128300673
3,0.0576366128300673
4,0.0576366128300673
5,0.0576366128300673
6,0.0576366128300673
7,0.0576366128300673
8,0.0576366128300673
9,0.0576366128300673
10,0.0576366128300673
11,0.0576366128300673
12,0.0576366128300673
14,0.0576366128300673
15,0.0576366128300673
16,0.0576366128300673
17,0.0576366128300673
