rgn_id,pressure_score
1,0.0713282185798758
2,0.0713282185798758
3,0.0713282185798758
4,0.0713282185798758
5,0.0713282185798758
6,0.0713282185798758
7,0.0713282185798758
8,0.0713282185798758
9,0.0713282185798758
10,0.0713282185798758
11,0.0713282185798758
12,0.0713282185798758
14,0.0713282185798758
15,0.0713282185798758
16,0.0713282185798758
17,0.0713282185798758
