"rgn_id","resilience_score"
1,1
2,0.206107901660444
3,0.418747315884781
4,1
5,1
6,1
7,1
8,0.206107901660444
9,1
10,1
11,1
12,1
13,0.206107901660444
14,0.206107901660444
15,0.418747315884781
16,1
17,1
18,0.206107901660444
19,0.418747315884781
20,0.418747315884781
21,1
22,1
23,0.418747315884781
24,1
25,1
26,1
27,1
28,1
29,1
30,1
31,0.418747315884781
32,0.418747315884781
33,1
34,0.418747315884781
35,0.418747315884781
36,0.206107901660444
