rgn_id,pressure_score
1,0.0947612700522426
2,0.0947612700522426
3,0.0947612700522426
4,0.0947612700522426
5,0.0947612700522426
6,0.0947612700522426
7,0.0947612700522426
8,0.0947612700522426
9,0.0947612700522426
10,0.0947612700522426
11,0.0947612700522426
12,0.0947612700522426
14,0.0947612700522426
15,0.0947612700522426
16,0.0947612700522426
17,0.0947612700522426
