rgn_id,pressure_score
1,0.111508022549817
2,0.111508022549817
3,0.111508022549817
4,0.111508022549817
5,0.111508022549817
6,0.111508022549817
7,0.111508022549817
8,0.111508022549817
9,0.111508022549817
10,0.111508022549817
11,0.111508022549817
12,0.111508022549817
14,0.111508022549817
15,0.111508022549817
16,0.111508022549817
17,0.111508022549817
