rgn_id,trend
1,0.0452945435891367
2,0.0452945435891367
3,0.0452945435891367
4,0.0452945435891367
5,0.0452945435891367
6,0.0452945435891367
7,0.0452945435891367
8,0.0452945435891367
9,0.0452945435891367
10,0.0452945435891367
11,0.0452945435891367
12,0.0452945435891367
14,0.0452945435891367
15,0.0452945435891367
16,0.0452945435891367
17,0.0452945435891367
