rgn_id,pressure_score
1,0.0424593
2,0.0424593
3,0.0424593
4,0.0424593
5,0.0424593
6,0.0424593
7,0.0424593
8,0.0424593
9,0.0424593
10,0.0424593
11,0.0424593
12,0.0424593
14,0.0424593
15,0.0424593
16,0.0424593
17,0.0424593
