"rgn_id","pressure_score"
8,0.327792149
13,0.01790127
2,0.26096074
1,0.001096182
7,0.00182697
26,0.008038669
5,0.005261674
10,0.002046207
11,0.003507783
27,0.011984925
28,0.009427166
24,0.004092413
29,0.008550221
9,0.091467486
17,0.000973058
4,0.098278895
22,0.004378763
21,0.050112506
23,0.005638012
31,0.008175118
6,0.03703788
14,0.041407517
18,1.11e-05
