"rgn_id","pressure_score"
2,0.749518
11,0.749518
4,0.749518
9,0.749518
5,0.749518
8,0.749518
7,0.749518
3,0.749518
1,0.749518
6,0.749518
12,0.749518
10,0.749518
