"rgn_id","pressure_score"
2,0.117702807216638
11,0.117702807216638
4,0.117702807216638
9,0.117702807216638
5,0.117702807216638
8,0.117702807216638
7,0.117702807216638
3,0.117702807216638
1,0.117702807216638
6,0.117702807216638
12,0.117702807216638
10,0.117702807216638
