"rgn_id","pressure_score"
2,0.0332988672669184
11,0.0332988672669184
4,0.0332988672669184
9,0.0332988672669184
5,0.0332988672669184
8,0.0332988672669184
7,0.0332988672669184
3,0.0332988672669184
1,0.0332988672669184
6,0.0332988672669184
12,0.0332988672669184
10,0.0332988672669184
