"rgn_id","pressure_score"
2,0.864794068461322
11,0.864794068461322
4,0.864794068461322
9,0.864794068461322
5,0.864794068461322
8,0.864794068461322
7,0.864794068461322
3,0.864794068461322
1,0.864794068461322
6,0.864794068461322
12,0.864794068461322
10,0.864794068461322
