"rgn_id","trend"
2,0.0461358397278029
11,0.0461358397278029
4,0.0461358397278029
9,0.0461358397278029
5,0.0461358397278029
8,0.0461358397278029
7,0.0461358397278029
3,0.0461358397278029
1,0.0461358397278029
6,0.0461358397278029
12,0.0461358397278029
10,0.0461358397278029
