"rgn_id","trend"
2,0.00225872149744139
11,0.00225872149744139
4,0.00225872149744139
9,0.00225872149744139
5,0.00225872149744139
8,0.00225872149744139
7,0.00225872149744139
3,0.00225872149744139
1,0.00225872149744139
6,0.00225872149744139
12,0.00225872149744139
10,0.00225872149744139
