"rgn_id","resilience.score"
2,0.832157992300905
11,0.832157992300905
4,0.832157992300905
9,0.832157992300905
5,0.832157992300905
8,0.832157992300905
7,0.832157992300905
3,0.832157992300905
1,0.832157992300905
6,0.832157992300905
12,0.832157992300905
10,0.832157992300905
