"rgn_id","resilience.score"
2,0.877350126499013
11,0.877350126499013
4,0.877350126499013
9,0.877350126499013
5,0.877350126499013
8,0.877350126499013
7,0.877350126499013
3,0.877350126499013
1,0.877350126499013
6,0.877350126499013
12,0.877350126499013
10,0.877350126499013
