"rgn_id","pressure_score"
2,0.0329813093460523
11,0.0329813093460523
4,0.0329813093460523
9,0.0329813093460523
5,0.0329813093460523
8,0.0329813093460523
7,0.0329813093460523
3,0.0329813093460523
1,0.0329813093460523
6,0.0329813093460523
12,0.0329813093460523
10,0.0329813093460523
