"rgn_id","pressure_score"
2,0.111988073602499
11,0.111988073602499
4,0.111988073602499
9,0.111988073602499
5,0.111988073602499
8,0.111988073602499
7,0.111988073602499
3,0.111988073602499
1,0.111988073602499
6,0.111988073602499
12,0.111988073602499
10,0.111988073602499
