"rgn_id","pressure_score"
1,0.00156629681069978
2,0.000326729916772606
3,0.00722816467801557
4,0.000479795821472688
5,0.00999726040569773
6,0.00105531467464794
7,0.000373572786849802
8,0.00337691737977281
9,0.000488770320691988
10,0.0126990635631023
11,0.000827956311489499
12,0.00403945733078732
