"rgn_id","score"
2,0.658571428571429
11,0.658571428571429
4,0.658571428571429
9,0.658571428571429
5,0.658571428571429
8,0.658571428571429
7,0.658571428571429
3,0.658571428571429
1,0.658571428571429
6,0.658571428571429
12,0.658571428571429
10,0.658571428571429
