"rgn_id","pressure_score"
2,0.0121368383841823
11,0.0121368383841823
4,0.0121368383841823
9,0.0121368383841823
5,0.0121368383841823
8,0.0121368383841823
7,0.0121368383841823
3,0.0121368383841823
1,0.0121368383841823
6,0.0121368383841823
12,0.0121368383841823
10,0.0121368383841823
