"rgn_id","pressure_score"
2,0.0643542235871218
11,0.0643542235871218
4,0.0643542235871218
9,0.0643542235871218
5,0.0643542235871218
8,0.0643542235871218
7,0.0643542235871218
3,0.0643542235871218
1,0.0643542235871218
6,0.0643542235871218
12,0.0643542235871218
10,0.0643542235871218
