"rgn_id","pressure_score"
2,0.00172447
11,0.00172447
4,0.00172447
9,0.00172447
5,0.00172447
8,0.00172447
7,0.00172447
3,0.00172447
1,0.00172447
6,0.00172447
12,0.00172447
10,0.00172447
