"rgn_id","pressure_score"
2,0.0227906742874084
11,0.0227906742874084
4,0.0227906742874084
9,0.0227906742874084
5,0.0227906742874084
8,0.0227906742874084
7,0.0227906742874084
3,0.0227906742874084
1,0.0227906742874084
6,0.0227906742874084
12,0.0227906742874084
10,0.0227906742874084
