"rgn_id","pressure_score"
2,0.738775370367482
11,0.738775370367482
4,0.738775370367482
9,0.738775370367482
5,0.738775370367482
8,0.738775370367482
7,0.738775370367482
3,0.738775370367482
1,0.738775370367482
6,0.738775370367482
12,0.738775370367482
10,0.738775370367482
