"rgn_id","score"
2,0.817076695566306
11,0.817076695566306
4,0.817076695566306
9,0.817076695566306
5,0.817076695566306
8,0.817076695566306
7,0.817076695566306
3,0.817076695566306
1,0.817076695566306
6,0.817076695566306
12,0.817076695566306
10,0.817076695566306
