"rgn_id","score"
2,-0.175768965921604
11,-0.175768965921604
4,-0.175768965921604
9,-0.175768965921604
5,-0.175768965921604
8,-0.175768965921604
7,-0.175768965921604
3,-0.175768965921604
1,-0.175768965921604
6,-0.175768965921604
12,-0.175768965921604
10,-0.175768965921604
