"rgn_id","score"
2,0.790500155040001
11,0.790500155040001
4,0.790500155040001
9,0.790500155040001
5,0.790500155040001
8,0.790500155040001
7,0.790500155040001
3,0.790500155040001
1,0.790500155040001
6,0.790500155040001
12,0.790500155040001
10,0.790500155040001
