"rgn_id","score"
2,0.262972693023252
11,0.262972693023252
4,0.262972693023252
9,0.262972693023252
5,0.262972693023252
8,0.262972693023252
7,0.262972693023252
3,0.262972693023252
1,0.262972693023252
6,0.262972693023252
12,0.262972693023252
10,0.262972693023252
