"rgn_id","score"
2,0.737027306976748
11,0.737027306976748
4,0.737027306976748
9,0.737027306976748
5,0.737027306976748
8,0.737027306976748
7,0.737027306976748
3,0.737027306976748
1,0.737027306976748
6,0.737027306976748
12,0.737027306976748
10,0.737027306976748
